Hugo_Symbol	MutatedSamples	percent_of_samples	total	Missense_Mutation	Nonsense_Mutation	Frame_Shift_Del	Frame_Shift_Ins	cds_bp	cds_kb	mutations_per_kb	rank_by_frequency	rank_by_density	rank_change
KRAS	157	30.4	161	160	1	0	0	570	0.57	282.4561403508772	9	1	8
TP53	262	50.7	278	177	49	25	3	1182	1.182	235.19458544839256	1	2	-1
KEAP1	96	18.6	97	76	8	9	1	1875	1.875	51.733333333333334	22	3	19
ZNF536	106	20.5	141	122	14	2	2	4140	4.14	34.05797101449276	16	4	12
CSMD3	208	40.2	363	297	35	11	3	11124	11.124	32.63214670981661	4	5	-1
PCDH15	105	20.3	155	141	10	3	0	5889	5.889	26.320258108337576	17	6	11
COL11A1	107	20.7	143	117	11	2	0	5457	5.457	26.204874473153748	14	7	7
ADAMTS12	95	18.4	119	102	9	4	2	4785	4.785	24.869383490073144	24	8	16
PAPPA2	96	18.6	133	118	11	3	1	5376	5.376	24.739583333333332	22	9	13
SPTA1	133	25.7	178	147	15	6	2	7260	7.26	24.517906336088156	10	10	0
RYR2	193	37.3	352	310	22	8	1	14904	14.904	23.617820719269996	5	11	-6
ZFHX4	169	32.7	256	223	23	7	2	10851	10.851	23.59229564095475	7	12	-5
ANK2	100	19.3	127	115	8	3	0	5787	5.787	21.9457404527389	20	13	7
LRP1B	176	34.0	297	254	20	7	4	13800	13.8	21.52173913043478	6	14	-8
NAV3	104	20.1	132	118	4	7	0	7158	7.158	18.440905280804692	18	15	3
FLG	132	25.5	209	190	12	3	4	12186	12.186	17.15082881995733	11	16	-5
XIRP2	131	25.3	181	160	9	10	1	10650	10.65	16.995305164319248	12	17	-5
USH2A	163	31.5	264	233	14	7	0	15609	15.609	16.913319238900634	8	18	-10
CSMD1	109	21.1	142	121	14	4	0	10695	10.695	13.277232351566152	13	19	-6
FAT3	107	20.7	150	133	13	3	0	13770	13.77	10.893246187363834	14	20	-6
MUC17	103	19.9	140	131	3	2	2	13482	13.482	10.384215991692628	19	21	-2
RYR3	95	18.4	125	112	5	1	1	14613	14.613	8.55402723602272	24	22	2
MUC16	216	41.8	384	338	30	8	4	46476	46.476	8.262328943971083	3	23	-20
PCLO	96	18.6	125	109	8	6	0	15429	15.429	8.101626806662777	22	24	-2
TTN	251	48.5	630	570	27	17	3	107976	107.976	5.834629917759502	2	25	-23
