Hugo_Symbol	MutatedSamples	percent_of_samples	total	Missense_Mutation	Nonsense_Mutation	Frame_Shift_Del	Frame_Shift_Ins
TP53	262	50.7	278	177	49	25	3
TTN	251	48.5	630	570	27	17	3
MUC16	216	41.8	384	338	30	8	4
CSMD3	208	40.2	363	297	35	11	3
RYR2	193	37.3	352	310	22	8	1
LRP1B	176	34	297	254	20	7	4
ZFHX4	169	32.7	256	223	23	7	2
USH2A	163	31.5	264	233	14	7	0
KRAS	157	30.4	161	160	1	0	0
SPTA1	133	25.7	178	147	15	6	2
FLG	132	25.5	209	190	12	3	4
XIRP2	131	25.3	181	160	9	10	1
CSMD1	109	21.1	142	121	14	4	0
FAT3	107	20.7	150	133	13	3	0
COL11A1	107	20.7	143	117	11	2	0
ZNF536	106	20.5	141	122	14	2	2
PCDH15	105	20.3	155	141	10	3	0
NAV3	104	20.1	132	118	4	7	0
MUC17	103	19.9	140	131	3	2	2
ANK2	100	19.3	127	115	8	3	0
PAPPA2	96	18.6	133	118	11	3	1
PCLO	96	18.6	125	109	8	6	0
KEAP1	96	18.6	97	76	8	9	1
RYR3	95	18.4	125	112	5	1	1
ADAMTS12	95	18.4	119	102	9	4	2
